﻿<?xml version="1.0" encoding="utf-8" ?>
<Root>
	<LItem>
	  <Url>https://www.google.co.kr/</Url>
	  <Accounts>
		  <AItem>
		    <Id>hobisjung@gmail.com</Id>
		    <Pw>987654321qaqa</Pw>
		  </AItem>
		  <AItem>
		    <Id>jhb0b@daum.net</Id>
		    <Pw>987654321qaqa</Pw>
		  </AItem>
	  </Accounts>
	</LItem>
	<LItem>
	  <Url>http://www.naver.com/</Url>
	  <Accounts>
		  <AItem>
		    <Id>jhb0b</Id>
		    <Pw>987654321qaqa</Pw>
		  </AItem>
		  <AItem>
		    <Id>jhb0b2</Id>
		    <Pw>987654321qaqa</Pw>
		  </AItem>
	  </Accounts>
	</LItem>
</Root>
